{"data_time": 0.001397625500032973, "eta_seconds": 11697.38480064, "fast_rcnn/cls_accuracy": 0.48046875, "fast_rcnn/false_negative": 0.0, "fast_rcnn/fg_cls_accuracy": 0.27025462962962965, "iteration": 19, "loss_box_reg": 0.8885371088981628, "loss_cls": 1.4521203637123108, "loss_rpn_cls": 0.0014606559416279197, "loss_rpn_loc": 0.004297251813113689, "lr": 1.55848e-05, "roi_head/num_bg_samples": 96.0, "roi_head/num_fg_samples": 32.0, "rpn/num_neg_anchors": 244.5, "rpn/num_pos_anchors": 11.5, "time": 24.369551668, "total_loss": 2.3869319419172825}
{"data_time": 0.0015139829999384347, "eta_seconds": 11074.455215550002, "fast_rcnn/cls_accuracy": 0.76171875, "fast_rcnn/false_negative": 0.6696428571428572, "fast_rcnn/fg_cls_accuracy": 0.07906250000000001, "iteration": 39, "loss_box_reg": 0.9302987456321716, "loss_cls": 1.128366768360138, "loss_rpn_cls": 0.0010741576552391052, "loss_rpn_loc": 0.00439391122199595, "lr": 3.15688e-05, "roi_head/num_bg_samples": 96.0, "roi_head/num_fg_samples": 32.0, "rpn/num_neg_anchors": 244.0, "rpn/num_pos_anchors": 12.0, "time": 23.940384352000024, "total_loss": 2.0226493897207547}
{"data_time": 0.0015101840001534583, "eta_seconds": 10341.561774060008, "fast_rcnn/cls_accuracy": 0.779296875, "fast_rcnn/false_negative": 1.0, "fast_rcnn/fg_cls_accuracy": 0.0, "iteration": 59, "loss_box_reg": 0.8623595535755157, "loss_cls": 0.7096041142940521, "loss_rpn_cls": 0.0019028749084100127, "loss_rpn_loc": 0.003520666970871389, "lr": 4.7552799999999996e-05, "roi_head/num_bg_samples": 99.75, "roi_head/num_fg_samples": 28.25, "rpn/num_neg_anchors": 246.25, "rpn/num_pos_anchors": 9.75, "time": 22.93693894650005, "total_loss": 1.5703592161880806}
{"data_time": 0.001863057500031573, "eta_seconds": 10251.129439110005, "fast_rcnn/cls_accuracy": 0.75, "fast_rcnn/false_negative": 1.0, "fast_rcnn/fg_cls_accuracy": 0.0, "iteration": 79, "loss_box_reg": 0.8695638477802277, "loss_cls": 0.5808648765087128, "loss_rpn_cls": 0.0013284680899232626, "loss_rpn_loc": 0.003446907619945705, "lr": 6.353680000000001e-05, "roi_head/num_bg_samples": 96.0, "roi_head/num_fg_samples": 32.0, "rpn/num_neg_anchors": 246.25, "rpn/num_pos_anchors": 9.75, "time": 25.12098867450004, "total_loss": 1.4867839587386698}
{"data_time": 0.0018246290001115995, "eta_seconds": 9813.889422800003, "fast_rcnn/cls_accuracy": 0.75, "fast_rcnn/false_negative": 1.0, "fast_rcnn/fg_cls_accuracy": 0.0, "iteration": 99, "loss_box_reg": 0.9081586301326752, "loss_cls": 0.5238769948482513, "loss_rpn_cls": 0.00023831845464883372, "loss_rpn_loc": 0.0033547566272318363, "lr": 7.952080000000001e-05, "roi_head/num_bg_samples": 96.0, "roi_head/num_fg_samples": 32.0, "rpn/num_neg_anchors": 246.0, "rpn/num_pos_anchors": 10.0, "time": 26.537742398500086, "total_loss": 1.4187125064490829}
{"data_time": 0.001821736000238161, "eta_seconds": 9379.178849900012, "fast_rcnn/cls_accuracy": 0.79296875, "fast_rcnn/false_negative": 0.84375, "fast_rcnn/fg_cls_accuracy": 0.1015625, "iteration": 119, "loss_box_reg": 0.8406946659088135, "loss_cls": 0.4757719039916992, "loss_rpn_cls": 0.00037600117502734065, "loss_rpn_loc": 0.00352214218582958, "lr": 9.55048e-05, "roi_head/num_bg_samples": 96.0, "roi_head/num_fg_samples": 32.0, "rpn/num_neg_anchors": 244.0, "rpn/num_pos_anchors": 12.0, "time": 26.685312443000157, "total_loss": 1.3364297973421344}
{"data_time": 0.001987444999940635, "eta_seconds": 8942.165907659983, "fast_rcnn/cls_accuracy": 0.82421875, "fast_rcnn/false_negative": 0.5859375, "fast_rcnn/fg_cls_accuracy": 0.18558673469387754, "iteration": 139, "loss_box_reg": 0.8387070894241333, "loss_cls": 0.44226735830307007, "loss_rpn_cls": 0.0003196609759470448, "loss_rpn_loc": 0.0036933529190719128, "lr": 0.00011148880000000002, "roi_head/num_bg_samples": 96.0, "roi_head/num_fg_samples": 32.0, "rpn/num_neg_anchors": 244.5, "rpn/num_pos_anchors": 11.5, "time": 27.360243284500257, "total_loss": 1.288555854727747}
{"data_time": 0.0019872949999353295, "eta_seconds": 8477.462582350065, "fast_rcnn/cls_accuracy": 0.853515625, "fast_rcnn/false_negative": 0.29129464285714285, "fast_rcnn/fg_cls_accuracy": 0.3828125, "iteration": 159, "loss_box_reg": 0.7971558570861816, "loss_cls": 0.3768233209848404, "loss_rpn_cls": 0.0002035578727372922, "loss_rpn_loc": 0.0032581579871475697, "lr": 0.0001274728, "roi_head/num_bg_samples": 97.0, "roi_head/num_fg_samples": 31.0, "rpn/num_neg_anchors": 245.75, "rpn/num_pos_anchors": 10.25, "time": 27.371679962999906, "total_loss": 1.1696116363818874}
{"data_time": 0.0017868980003186152, "eta_seconds": 8039.002143200028, "fast_rcnn/cls_accuracy": 0.880859375, "fast_rcnn/false_negative": 0.1328125, "fast_rcnn/fg_cls_accuracy": 0.5390625, "iteration": 179, "loss_box_reg": 0.7325670123100281, "loss_cls": 0.3579872250556946, "loss_rpn_cls": 0.00010305722389603034, "loss_rpn_loc": 0.0034175958717241883, "lr": 0.00014345679999999998, "roi_head/num_bg_samples": 97.25, "roi_head/num_fg_samples": 30.75, "rpn/num_neg_anchors": 244.0, "rpn/num_pos_anchors": 12.0, "time": 26.74324991200001, "total_loss": 1.0886534225210198}
{"data_time": 0.0018916495000667055, "eta_seconds": 7623.147093450047, "fast_rcnn/cls_accuracy": 0.927734375, "fast_rcnn/false_negative": 0.0625, "fast_rcnn/fg_cls_accuracy": 0.6677476415094339, "iteration": 199, "loss_box_reg": 0.6350159049034119, "loss_cls": 0.29589900374412537, "loss_rpn_cls": 8.43320885905996e-05, "loss_rpn_loc": 0.0038659910205751657, "lr": 0.0001594408, "roi_head/num_bg_samples": 96.75, "roi_head/num_fg_samples": 31.25, "rpn/num_neg_anchors": 245.0, "rpn/num_pos_anchors": 11.0, "time": 27.2262936420002, "total_loss": 0.9393442837172188}
{"data_time": 0.001825761500185763, "eta_seconds": 7181.71766928003, "fast_rcnn/cls_accuracy": 0.9375, "fast_rcnn/false_negative": 0.05022321428571429, "fast_rcnn/fg_cls_accuracy": 0.782781862745098, "iteration": 219, "loss_box_reg": 0.5196431577205658, "loss_cls": 0.2549281492829323, "loss_rpn_cls": 0.0001275771646760404, "loss_rpn_loc": 0.004664145642891526, "lr": 0.0001754248, "roi_head/num_bg_samples": 97.25, "roi_head/num_fg_samples": 30.75, "rpn/num_neg_anchors": 244.5, "rpn/num_pos_anchors": 11.5, "time": 26.950102559999777, "total_loss": 0.7775239417801458}
{"data_time": 0.0018194430003859452, "eta_seconds": 6821.846647979974, "fast_rcnn/cls_accuracy": 0.953125, "fast_rcnn/false_negative": 0.015625, "fast_rcnn/fg_cls_accuracy": 0.84375, "iteration": 239, "loss_box_reg": 0.30646267533302307, "loss_cls": 0.17294639348983765, "loss_rpn_cls": 2.6599356715450995e-05, "loss_rpn_loc": 0.005809078691527247, "lr": 0.0001914088, "roi_head/num_bg_samples": 96.0, "roi_head/num_fg_samples": 32.0, "rpn/num_neg_anchors": 243.5, "rpn/num_pos_anchors": 12.5, "time": 27.01576743400028, "total_loss": 0.4833425464166794}
{"data_time": 0.0017087520000131917, "eta_seconds": 6305.262365279987, "fast_rcnn/cls_accuracy": 0.95703125, "fast_rcnn/false_negative": 0.0, "fast_rcnn/fg_cls_accuracy": 0.8984375, "iteration": 259, "loss_box_reg": 0.2581719607114792, "loss_cls": 0.1285228542983532, "loss_rpn_cls": 3.308920213385136e-06, "loss_rpn_loc": 0.005945243174210191, "lr": 0.0002073928, "roi_head/num_bg_samples": 96.0, "roi_head/num_fg_samples": 32.0, "rpn/num_neg_anchors": 246.25, "rpn/num_pos_anchors": 9.75, "time": 26.79369544600013, "total_loss": 0.3834341071848826}
{"data_time": 0.0017015200000969344, "eta_seconds": 5838.303327670019, "fast_rcnn/cls_accuracy": 0.98828125, "fast_rcnn/false_negative": 0.0, "fast_rcnn/fg_cls_accuracy": 0.9749410377358491, "iteration": 279, "loss_box_reg": 0.2063693180680275, "loss_cls": 0.07587989419698715, "loss_rpn_cls": 4.02994032810966e-06, "loss_rpn_loc": 0.0049617227632552385, "lr": 0.00022337680000000004, "roi_head/num_bg_samples": 96.0, "roi_head/num_fg_samples": 32.0, "rpn/num_neg_anchors": 243.25, "rpn/num_pos_anchors": 12.75, "time": 26.836640546499893, "total_loss": 0.311457146883825}
{"data_time": 0.0018694059999688761, "eta_seconds": 5330.257569300011, "fast_rcnn/cls_accuracy": 0.984375,